{
  "test_name": "pipecat_v5_tts",
  "sdk_version": "5.3.0",
  "timestamp": "2025-11-13T16:13:28.651675",
  "iterations": {
    "total": 25,
    "successful": 25,
    "failed": 0
  },
  "client_init_ms": 57.141375000355765,
  "ttfb_ms": {
    "avg": 139.8845201183576,
    "median": 132.53283401718363,
    "min": 114.99287499464117,
    "max": 367.41875001462176
  },
  "ttlb_ms": {
    "avg": 3773.6628550791647,
    "median": 3730.851917003747,
    "min": 3298.1147499813233,
    "max": 4682.273874990642
  },
  "total_bytes": {
    "avg": 261017.6,
    "median": 258560,
    "min": 227840,
    "max": 328960
  },
  "timing_breakdown": {
    "time_until_request_ms": {
      "avg": 0.007028358522802591,
      "median": 0.0036249984987080097,
      "min": 0.0007080088835209608,
      "max": 0.059999991208314896
    },
    "time_until_response_ms": {
      "avg": 0.025353358360007405,
      "median": 0.020042003598064184,
      "min": 0.006165995728224516,
      "max": 0.09049999061971903
    },
    "time_until_results_ms": {
      "avg": 3773.6640433978755,
      "median": 3730.852332984796,
      "min": 3298.114874982275,
      "max": 4682.275625003967
    }
  }
}