{
  "test_name": "pipecat_v5_tts",
  "sdk_version": "5.3.0",
  "timestamp": "2025-11-13T13:15:14.041259",
  "iterations": {
    "total": 25,
    "successful": 25,
    "failed": 0
  },
  "client_init_ms": 52.81670799013227,
  "ttfb_ms": {
    "avg": 132.15487336856313,
    "median": 125.75562502024695,
    "min": 113.72258301707916,
    "max": 270.7075829966925
  },
  "ttlb_ms": {
    "avg": 4060.6744250806514,
    "median": 3919.4007919868454,
    "min": 3073.137041996233,
    "max": 4843.1414590158965
  },
  "total_bytes": {
    "avg": 279859.2,
    "median": 270080,
    "min": 211200,
    "max": 334080
  },
  "timing_breakdown": {
    "time_until_request_ms": {
      "avg": 0.008780122734606266,
      "median": 0.006750022293999791,
      "min": 0.000500003807246685,
      "max": 0.06662501255050302
    },
    "time_until_response_ms": {
      "avg": 0.0549734418746084,
      "median": 0.050875009037554264,
      "min": 0.010541989468038082,
      "max": 0.21312502212822437
    },
    "time_until_results_ms": {
      "avg": 4060.67509840359,
      "median": 3919.4015419925563,
      "min": 3073.137625004165,
      "max": 4843.14241699758
    }
  }
}